{"cameraMode":{"drawMode":0,"name":"Shaded","section":"Shading Mode"},"sceneLighting":false,"audioPlay":false,"sceneViewState":{"showFog":false,"showMaterialUpdate":false,"showSkybox":false,"showFlares":false,"showImageEffects":false,"showParticleSystems":false},"in2DMode":false,"pivot":{"x":-1.0047975778579713,"y":-0.6936477422714233,"z":-1.8471784591674805},"rotation":{"x":0.061018940061330798,"y":-0.9312728047370911,"z":0.18423239886760713,"w":0.3083970248699188},"size":3.9515044689178469,"orthographic":false}