{"cameraMode":{"drawMode":0,"name":"Shaded","section":"Shading Mode"},"sceneLighting":true,"audioPlay":false,"sceneViewState":{"showFog":false,"showMaterialUpdate":false,"showSkybox":false,"showFlares":false,"showImageEffects":false,"showParticleSystems":false},"in2DMode":false,"pivot":{"x":8.180914878845215,"y":1.5232139825820923,"z":-0.6888507604598999},"rotation":{"x":0.0438208132982254,"y":-0.9400582313537598,"z":0.13228841125965119,"w":0.31130659580230715},"size":4.149328708648682,"orthographic":false}